1020.1,448.71
1382.8,586.09
1184.3,429.6
946.33,495.71
1914.6,297.74
806.52,450.37
1319.7,509.69
-1,-1
1412.5,489.57
908.02,519.56
1234.7,651.05
1342.4,403.7
-1,-1
-1,-1
-1,-1
-1,-1
1595.1,760.78
-1,-1
1279.2,592.84
993.11,441.57
1271.5,649.6
-1,-1
-1,-1
697.91,238.81
-1,-1
-1,-1
1074.1,426.65
1012.8,498.43
851.44,281.71
697.02,236.85
676.78,226.66
982.4,456.33
1047.5,454.63
1422.5,835.98
1557.7,734.72
-1,-1
623.24,237.15
1367.1,561.89
-1,-1
-1,-1
1595.3,760.78
1513.7,665.2
-1,-1
1049.8,583.18
1153,469.86
911.5,520.28
-1,-1
1557.7,734.72
1088.7,469.23
1742.4,829.59
894.97,507.66
-1,-1
-1,-1
-1,-1
-1,-1
1116.8,446.46
1873.5,747.7
977.03,442.38
-1,-1
2064.7,923.7
1402.1,537.38
972.33,445.12
1434.5,529.4
1786.4,725.98
1318.6,506.45
-1,-1
1263,550.87
-1,-1
1819.8,728.03
-1,-1
1011.4,580.68
1336.6,698.01
1873.7,747.7
1018.9,580.99
-1,-1
1192.5,443.82
-1,-1
1072.8,431.24
-1,-1
1377.7,517.88
1745.5,710.2
1168.6,565.46
-1,-1
-1,-1
-1,-1
1219.9,41.796
1364.9,571.55
1042,623.32
1794.5,789.41
-1,-1
-1,-1
964.49,476.56
993.26,440.8
1029.9,560.13
1740.9,680.34
1170,456.16
-1,-1
1019.5,481.43
1658,638.84
948.48,498.28
1012.6,582.02
1084.7,468.32
1236.7,654.37
-1,-1
1268.9,484.22
1066.2,380.34
-1,-1
1359.2,416.27
1181.3,652.67
1415.7,526.22
1320.3,145.46
-1,-1
-1,-1
1873.4,747.7
-1,-1
1024.9,573.64
1152.8,497.05
1009.9,437.34
-1,-1
-1,-1
1042.3,421.63
-1,-1
1143.9,501.01
-1,-1
1398.7,534.3
-1,-1
1056.9,432.25
-1,-1
-1,-1
1736,688.18
1035.4,419.54
-1,-1
1314.2,626.66
1795,714.43
1243.6,380.26
1664.4,629.64
-1,-1
1311.6,508.73
-1,-1
1078.3,426.36
1229.4,356.58
980.24,442.38
-1,-1
1019.1,413.99
-1,-1
1073.1,371.62
1500.5,700.23
1182.6,462.05
1418.8,600.18
1031.1,451.71
-1,-1
1057.9,592.76
1153.3,497.1
-1,-1
-1,-1
1022.1,433.97
1330.2,510.5
1146.7,459.28
1119.4,645.02
1148.5,504.94
1099.5,474.01
1036.6,422.8
1198.8,465.78
935.59,393.49
626.63,238.02
1031.1,451.71
1172.3,462.3
1490.6,645.28
1113.8,552.45
-1,-1
1740.9,680.34
1183.2,428.53
-1,-1
1396.4,586.09
-1,-1
1631,632.75
1526.6,693.89
1627.7,645.27
1472.1,860.97
-1,-1
1414.2,370.63
1084.1,617.22
979.06,445.12
-1,-1
1348.5,187.67
676.78,226.66
1035.7,320.54
966.08,397.93
-1,-1
1527.1,407.82
999.52,534.41
-1,-1
1179.6,561.64
-1,-1
926.88,526.97
969.84,451.54
1195.4,430.52
-1,-1
596.25,243.7
1500.6,700.23
1159.5,555.69
-1,-1
1069.5,429.81
1028.3,421.97
-1,-1
996.2,424.37
851.44,281.71
1017.7,594.68
1024.8,617.48
904.94,511.92
1175.2,449.91
1457.2,573.05
-1,-1
1316.5,672.68
1275.9,608.04
1474.5,598.38
1365.3,453.66
1070.4,330.76
-1,-1
1105.9,413.37
1050.9,426.94
809.14,373.35
1024.5,573.75
-1,-1
1393.5,539.18
1032.3,349.17
-1,-1
1805.3,688.18
1518.2,619.85
1822.4,723.94
1488.9,689.23
1049.5,583.18
1450.5,532.59
-1,-1
1643,399.06
1172.3,488.37
1149.7,495.89
-1,-1
1820,728.03
1192.7,462.55
-1,-1
1091.1,512.49
1010.2,554.82
-1,-1
1413.2,598.36
2022.2,1048.1
1044.8,421.75
1155.5,557.9
-1,-1
-1,-1
1320.7,689.05
1173.8,547.83
1376.1,566.82
1434.9,566.3
-1,-1
1127.3,543.23
1318.4,565.03
1073.8,433.16
-1,-1
1333.4,667.99
938.94,393.39
1653.8,398.98
1005,431.04
2047.3,1048.1
1416.4,635.97
1190.7,462.55
-1,-1
-1,-1
1406.7,585.83
1209.2,556.66
1052.4,452.25
-1,-1
-1,-1
1334.8,631.88
1681.8,810.1
-1,-1
1347,403.7
1745.5,710.2
1176.1,642.34
795.22,444.55
1059.4,607.2
1163.6,557.05
976.97,442.38
1723.5,576.55
1168.6,456.16
-1,-1
1532.4,700.23
1254,599.23
-1,-1
1179.2,649.62
-1,-1
1022.2,414.74
1095.8,515.49
1404.6,522.46
1176.4,484.22
-1,-1
1308.3,504.18
987.64,441.8
1059.4,607.2
1451.5,467.46
1013.3,560.71
-1,-1
1406.3,407.46
-1,-1
-1,-1
1338.4,682.52
-1,-1
1140.6,434.8
981.55,445.12
676.78,226.66
1372.4,682.52
1068.7,428.96
1312.5,504.18
-1,-1
1006.9,509.49
999.21,430.1
-1,-1
1742.4,829.59
-1,-1
1683.3,818.3
-1,-1
-1,-1
1832.7,732.07
1161.3,557.05
1288.5,663.36
1439.8,649.26
-1,-1
1457,573.05
1696,818.3
934.77,466.05
-1,-1
1088.7,469.23
1044.8,431.99
1016,589.84
-1,-1
1450.6,560.67
1027.5,420.5
1379.6,698.18
955.53,397.93
656.3,249.52
980.04,441.8
-1,-1
1120.8,485.85
-1,-1
1043.9,418.59
1122.6,370.76
1225.9,650.24
976.67,379.79
1337.8,651.57
909.66,519.56
974.43,427.57
1523.6,425.59
1230.2,493.97
1168.1,691.59
1376,649.26
1177.5,643.96
960.72,454.1
-1,-1
-1,-1
1621.1,370.69
1067.2,416.13
968.11,450.8
-1,-1
-1,-1
1353.1,668.7
-1,-1
1142.6,659.99
-1,-1
1384.5,684.58
636.42,240.8
1172.1,432.79
1429.2,569.82
-1,-1
-1,-1
1681.8,810.1
1387.4,518.29
1155.5,496.99
-1,-1
1476.8,689.23
1337.3,280.56
1022.9,595.79
1700.4,705.49
942.33,493.15
1140.9,622.98
1529,693.89
-1,-1
1683.3,818.3
-1,-1
1452.7,567.31
1234.8,364.05
1511.1,669.05
1223.7,480.29
1107.9,471.62
1873.3,747.7
2022.2,1048.1
-1,-1
1170.7,705.93
1172.3,448.62
1335.8,672.62
1168.1,453.56
1170.1,655.8
1657.8,764.71
-1,-1
-1,-1
2044.8,951.83
-1,-1
1446.5,532.59
-1,-1
798.73,447.37
986.36,457.11
-1,-1
-1,-1
930.97,465.96
-1,-1
1416.8,635.97
1662.8,686.76
2591.7,1291
-1,-1
1532.6,700.23
1068.3,426.56
1356.8,545.25
-1,-1
-1,-1
1170.4,459.21
1626.3,601.85
1433.8,532.59
684.99,253.56
1419.5,624.42
990.15,564.66
2275.2,1088.1
1156.1,557.05
-1,-1
1239.2,501.49
955.53,397.93
972.35,424.28
1125.6,464.87
1311.4,425.61
1304.3,500.05
1402.1,533.87
1139.3,612.04
1042.7,454.25
1095.1,515.49
1201.8,484.92
1419.6,526.22
1174.5,561.64
1041.4,416.56
562.78,237.21
1172.6,463.14
1178.8,462.55
1183.6,445.11
1185,428.72
966.94,546.82
-1,-1
1728.6,539.6
1512.5,669.05
-1,-1
1410.3,487.5
1451.1,565.28
1402.1,480.46
985.63,491.85
901.7,498.98
1391,533.44
1028.3,421.97
1098.7,477.01
1095.4,469.79
1595.3,760.78
1777.8,783.04
1178,443.62
935.59,393.49
-1,-1
-1,-1
-1,-1
1994.7,857.64
1006.2,497.45
1146.7,521.45
-1,-1
1377.3,649.26
-1,-1
1132.7,544.4
966.75,453.19
-1,-1
975.8,377.55
1365.3,453.66
1174.6,404.81
1387.2,681.92
-1,-1
1205.8,649.56
-1,-1
-1,-1
-1,-1
942.33,493.15
-1,-1
954.32,473.55
1554,675.36
-1,-1
-1,-1
-1,-1
-1,-1
1385.4,571.07
1023.5,489.25
962.94,456.87
2022.2,1048.1
1163.9,641.56
-1,-1
1176.4,439.69
-1,-1
1020.6,580.2
-1,-1
1129.2,563.33
1315,592.31
1154.2,663.29
1022.9,602.55
1304.2,282.38
-1,-1
1448.4,733.98
-1,-1
1347.5,211.49
1226.2,650.87
-1,-1
-1,-1
-1,-1
1021.1,595.79
-1,-1
-1,-1
1393.6,550.56
-1,-1
-1,-1
1793.2,311.29
1185.3,434.15
-1,-1
562.78,237.21
1459,560.67
979.75,463.6
1282.9,658.24
1291.8,684.97
1631.8,403.51
-1,-1
1100.6,518.69
1070.2,431.39
-1,-1
1012,557.71
-1,-1
1345,153.01
-1,-1
976.62,473.18
1146,434.51
-1,-1
-1,-1
1372.9,682.64
1172.7,462.55
-1,-1
-1,-1
996.2,384.05
996.4,440.31
1500.4,700.23
-1,-1
1470.1,468.86
1164,654.3
-1,-1
1255,488.35
1312.7,281.67
983.91,455.83
-1,-1
-1,-1
840.07,435.17
1600,403.51
1176,439.69
1321.4,510.35
1378.4,673.88
1088.3,627.63
1352.8,537.45
1019.5,616.4
1151.1,505.89
-1,-1
1185.7,567.24
1024.2,417.46
1033.1,582.02
1060.2,647.96
1025.8,580.68
1309.4,524
1007.4,497.45
1805,734.87
1364.9,571.55
-1,-1
1411.4,556.74
1117.5,641.23
-1,-1
1681.8,810.1
993.18,441.57
1165.5,655.8
-1,-1
-1,-1
1030.8,491.9
-1,-1
-1,-1
992.34,490.37
1377,648.02
1049.8,583.18
968.99,444.13
-1,-1
1342.8,442.59
1095.4,620.68
596.25,243.7
1268.8,465.78
1666.3,782.89
1050.5,419.48
1056,608.62
1013.1,448.63
-1,-1
-1,-1
1514.7,667.3
991.12,424.03
1740.9,680.34
1122.2,674.25
-1,-1
1191.2,462.17
1295.2,639.67
1510.9,717.54
-1,-1
1368.9,428.65
1193.8,435.03
1120.3,646.71
-1,-1
-1,-1
-1,-1
2460.5,1239.8
1253.6,532.57
1542.8,426.99
1318.5,406.68
-1,-1
1039.1,383.1
942.34,489.81
1171.7,705.93
1029.3,606.42
1058.9,422.74
-1,-1
-1,-1
1218,487.28
-1,-1
2022.2,1048.1
-1,-1
1358.3,671.99
-1,-1
1364.9,571.55
-1,-1
999.24,440.31
1126.6,482.7
1145.3,527.91
-1,-1
-1,-1
1348.5,172.96
938.06,480.46
-1,-1
1500.5,700.23
858.68,281.98
1584,469.6
1146.7,634.04
-1,-1
1435.6,532.59
-1,-1
1406.7,407.46
1190.1,649.49
1568.9,756.83
1364.9,571.55
1056.6,591.15
-1,-1
-1,-1
1669.4,642.62
1674.9,801.07
1025.7,562.73
1319.3,508.79
-1,-1
1231,623.88
1375.8,565.76
1356.2,676.76
1978.7,872.11
-1,-1
981.55,445.12
972.35,424.28
1054,367.71
1043.6,320.54
1740.9,680.34
971.14,454.6
-1,-1
1170.7,705.93
-1,-1
992.92,440.04
1347,403.7
1750.8,587.47
1159.4,639.2
920.13,478.11
1183.5,549.39
1547.4,660.32
1012.8,443.23
1016.4,563.71
-1,-1
1499.4,647.33
1054.7,534.43
1155.8,557.05
-1,-1
-1,-1
1175.5,434.25
1047.2,424.46
-1,-1
795.22,444.55
-1,-1
-1,-1
1209,649.49
1416.8,635.97
1667.2,642.62
-1,-1
2021.6,845.37
-1,-1
-1,-1
1041.4,419.35
1136.5,419.93
1403.3,701.25
1158.7,691.29
-1,-1
1065.8,411.81
-1,-1
1465.1,678.24
-1,-1
-1,-1
1423.7,839.19
-1,-1
970.75,444.13
1334.5,655.38
-1,-1
1234.8,364.05
1208.3,468.18
1454,678.24
1723.6,576.55
-1,-1
1143.4,515.44
904.73,506.2
-1,-1
1240.5,28.182
-1,-1
-1,-1
1173.3,432.33
1049.8,583.18
1465.1,678.24
961.71,451.7
1457.6,560.67
-1,-1
1719.7,691.11
1182.3,489.72
1306,503.28
-1,-1
1030.4,422.36
1139.6,450.68
-1,-1
1009.8,515.49
-1,-1
692.56,235.59
2065.1,939.94
-1,-1
-1,-1
-1,-1
-1,-1
-1,-1
-1,-1
1914.6,297.74
-1,-1
1127.8,551.98
1118.2,478.86
1042.4,421.63
1526.6,693.89
1118.4,643.34
-1,-1
-1,-1
1413.4,598.36
1041.8,387.33
-1,-1
1191.2,652.42
-1,-1
1042.3,417.01
-1,-1
987.89,441.57
1049.7,392.13
1173.8,547.83
1740.9,680.34
-1,-1
-1,-1
1651.9,738.45
1167.1,569.37
1121.9,645.62
1111.1,447.66
1718.4,371.23
625.25,237.15
1054.6,453.91
-1,-1
1189.9,462.55
-1,-1
-1,-1
1172.6,705.93
-1,-1
1039,433.36
1421.4,626.19
807.8,289.88
1153,469.86
1025,573.86
-1,-1
1180.9,647.66
1016.1,437.34
1173.2,432.33
900.75,508.73
1143.1,441.42
1064.7,465.47
1397.4,679.67
990.28,377.93
656.3,249.52
-1,-1
995.34,555.01
1141.6,600.7
997.34,555.96
901.96,500.67
1819.8,728.03
-1,-1
1053.5,425.9
-1,-1
-1,-1
1180.6,489.43
1149,510.46
1191.2,462.3
1595.3,760.78
-1,-1
982.96,401.63
1136.2,651.78
-1,-1
-1,-1
1064.1,363.22
-1,-1
-1,-1
-1,-1
-1,-1
2022.2,1048.1
-1,-1
-1,-1
1167.7,649.62
1019.3,595.79
1338.8,653.42
1743,705.73
-1,-1
-1,-1
1042.5,605.65
-1,-1
1252.3,484.22
1139.6,428.33
1428.2,600.18
1164.1,561.54
981.68,561.74
1293.8,622.08
-1,-1
1637.9,646.15
-1,-1
1015.4,571.63
-1,-1
1020.6,580.2
1139,493.43
1315.9,525.66
2448.5,1239.7
-1,-1
635.27,239.52
1032.7,378.86
1125.2,563.29
986.36,457.11
1281.4,651.57
1091.6,472.99
2179.3,989.6
-1,-1
1059.7,426.56
1315.7,284.34
-1,-1
1742.4,829.59
1049,462.4
1571,466.12
1263.3,633.47
1172.7,462.55
-1,-1
1449.6,579.56
-1,-1
1158.6,670.67
1568.9,756.83
1650,655.12
1116.1,450.61
1149.6,557.05
993.71,460.61
-1,-1
1062.4,421.08
1050.7,460.27
-1,-1
1183.4,428.53
1185.8,572.9
1346.4,204.37
-1,-1
1052.4,363.22
1415.6,649.26
1172.5,649.49
1011.4,437.34
1152.8,497.1
1417.1,636.6
1349.8,442.72
1342.1,568.78
-1,-1
-1,-1
1361.4,688.37
1409.7,548.37
1540.7,418.45
1256.4,586.7
-1,-1
982.75,457.18
1438.7,653.75
1258,381.4
1367.9,570.56
1358.5,682.52
-1,-1
1364.9,571.55
-1,-1
1135.1,544.4
1910.5,838.01
-1,-1
-1,-1
967.13,450.21
1091.6,432.25
1070.1,409.37
1154.7,634.52
1141.1,454.54
-1,-1
980.51,442.38
1397,550.56
1029.9,560.13
1182.3,489.72
1368.3,671.99
1192.6,441.7
1153.7,469.86
1379,517.88
-1,-1
1247.9,623.06
908.54,519.56
1012.9,564.02
1794.8,789.41
1790.1,783.04
990.85,442.2
1541.2,645.27
1093.8,411.37
1011.8,441.64
1099.9,517.09
-1,-1
-1,-1
1733.4,346.41
-1,-1
2604.1,1292.6
1163.2,560.89
1178.6,451.2
1142.7,429.67
1018.5,414.74
-1,-1
980.24,442.38
-1,-1
-1,-1
1172.6,487.6
1519.4,677.83
-1,-1
-1,-1
1067.8,428.11
1504.2,663.1
2045.2,896.06
-1,-1
-1,-1
902.96,502.76
1146.7,521.45
1038.9,417.44
1050.4,419.67
917.8,529.7
-1,-1
1169.9,457.67
1397.4,679.67
1185.7,567.24
1718.9,574.72
1042,492.81
1879.3,834.75
1165.8,501.74
-1,-1
1529,717.47
1828.3,748.29
-1,-1
-1,-1
1568.9,756.83
-1,-1
997.89,389.38
1141.9,441.42
-1,-1
-1,-1
1627.7,645.27
981.55,445.12
1072.3,421.7
927.81,465.38
1297.4,640.67
1281.5,614.98
1187.4,462.3
-1,-1
1120.4,646.71
-1,-1
1396.5,547.01
-1,-1
-1,-1
1395,481.65
1411.1,560.19
-1,-1
-1,-1
1456,481.25
1723.5,576.55
1129.5,563.37
1069.8,430.6
1439.1,562.03
-1,-1
1150.9,467.65
-1,-1
1682.3,690.26
1012.2,582.02
1301.1,571.74
-1,-1
-1,-1
1350.5,672.69
1018.6,448.67
1666.3,782.89
893.4,507.49
-1,-1
-1,-1
1390.4,527.75
-1,-1
1329.5,514.11
1780.9,688.18
1195.7,441.18
1140.4,405.31
1595.3,760.78
-1,-1
1157.7,634.52
1384.5,684.58
-1,-1
1511.1,669.05
1045.1,416.56
2022.2,1048.1
-1,-1
1477.2,678.24
1016.9,446
1397.5,548.57
1041.6,602.2
-1,-1
1594.3,758.81
1457.8,579.56
1341.2,683.07
1594.5,491.24
-1,-1
-1,-1
1190.1,649.49
934.18,467.79
1376.8,648.02
906.36,519.66
1439.8,649.33
1978.7,872.11
1392.9,550.56
1556.4,773.2
-1,-1
-1,-1
1024,573.64
1025,573.86
1164.9,468.55
-1,-1
-1,-1
1027.8,575.41
-1,-1
965.69,454.1
1305.6,70.012
1324.2,511.22
-1,-1
934.82,466.72
1097,520.87
-1,-1
-1,-1
972.16,423.84
1646.5,401.74
1378.4,673.88
-1,-1
1402.2,537.38
1250.2,536.63
1177.9,709.66
983.86,560.56
1763.6,688.18
1096.3,473.97
1006.2,437.34
1181.4,458.24
-1,-1
-1,-1
976.75,446.67
-1,-1
562.93,237.21
1276.4,608.04
-1,-1
1447.9,847.06
1385.9,684.58
1593.4,756.83
-1,-1
1001,440.31
1048.4,495.19
-1,-1
1472.1,860.97
1124.3,490.19
1143.7,428.33
1181.8,565.2
1270.1,644.01
1750.6,331.69
-1,-1
-1,-1
1045.1,320.54
1095.4,457.65
-1,-1
-1,-1
1389.7,586.09
-1,-1
-1,-1
1415.7,631.03
1070.2,336.46
1011.7,483.95
1311.7,801.7
1169.4,649.29
1153.8,501.9
1434.1,646.95
945.4,495.77
-1,-1
1377.6,648.02
1180.5,488.37
1627.6,763.3
992.57,505.59
1251.6,594.02
1401.5,585.96
1101.1,473.46
979.09,483.8
1167.8,655.8
-1,-1
-1,-1
1229.4,356.58
-1,-1
1173.8,547.83
1277,630.71
972.1,423.84
-1,-1
-1,-1
1122.1,646.71
1691.5,573.51
915.47,525.61
-1,-1
-1,-1
-1,-1
1004,430.7
1156.5,599.59
905.76,506.2
-1,-1
1045.2,572.49
-1,-1
-1,-1
1123.3,357.42
1309.4,639.94
-1,-1
1165.2,468.5
1122.3,557.6
-1,-1
1143.7,501.01
795.22,444.55
-1,-1
-1,-1
-1,-1
1142.3,632.53
-1,-1
1173.8,547.83
1011.9,441.64
1043.4,419.48
-1,-1
1347,403.7
-1,-1
941.8,488.71
1187.8,650.06
1042,623.32
1402.8,518.7
1262.4,636.57
1006.2,497.45
1463.8,573.05
-1,-1
1039.3,319.43
-1,-1
-1,-1
1047.1,601.05
1049.6,497.82
1496.3,505.07
1546.6,664.87
1340.7,321.97
1066.5,413.8
1519.9,425.59
-1,-1
1116.4,501.22
-1,-1
1159.5,502.36
1070,466.08
1175.1,446.82
1528.7,673.92
-1,-1
2022.2,1048.1
1118.7,482.7
993.26,440.8
1209,649.49
-1,-1
1024,573.75
1218.2,588.82
-1,-1
1500.4,700.23
1653.8,398.98
971.06,450.06
1228.6,484.22
1026.6,419.03
1803,219.46
1127.4,482.7
1908.9,834.51
-1,-1
-1,-1
1078,468.32
1060.2,647.96
1012.1,580.2
1332.1,678.09
1139.6,450.68
1828.4,748.29
1325.6,290.25
1595.3,760.78
794.19,422.14
862.45,454.61
-1,-1
2449.8,1330.7
-1,-1
-1,-1
-1,-1
1376,649.26
1846.5,834.51
1192,462.86
1338.7,678.58
1185.7,567.24
1030.1,580.85
1148.5,649.62
1044,419.48
-1,-1
1042.9,421.27
1450,598.36
984.9,486.8
1319,507.11
1265.6,641.68
1391.7,575.51
-1,-1
1055.2,424.7
-1,-1
-1,-1
976.61,453.91
-1,-1
1468.7,566.3
1139.6,460.44
1170.1,561.9
-1,-1
1138.1,598.03
1038.5,433.36
-1,-1
976.77,397.93
1364.5,685.44
-1,-1
1054,606.83
1010.3,515.49
1163.3,557.05
934.72,409.24
794.19,422.14
1304.4,500.72
1829,730.03
-1,-1
1819.8,728.03
1482,630.34
-1,-1
-1,-1
1273.5,645.95
1186.6,491.48
1183.4,428.53
1688.7,819.13
1340.1,517.78
1217,475.68
-1,-1
1180.6,431.99
1322.5,527.31
1054.6,416.56
-1,-1
1716.8,568.29
1380.1,537.05
-1,-1
-1,-1
1379.6,698.18
1293.4,668.58
1391.7,575.51
1175.7,707.79
1023.4,449.35
-1,-1
1018.8,577.03
1308.7,640.67
-1,-1
-1,-1
999.88,561.64
1010.7,557.61
-1,-1
-1,-1
-1,-1
-1,-1
1364.9,571.55
966.75,453.19
-1,-1
1097.3,469.79
1209.2,556.66
-1,-1
1189.5,442.21
-1,-1
1006.8,557.71
1187.4,489.43
1875.1,750.64
1143.6,431.22
1139.1,648.73
-1,-1
1828.6,748.32
-1,-1
1420.7,626.19
-1,-1
1614.1,403.51
1712.2,546.08
1024.9,573.64
1338.7,654.3
1108.9,343.73
1845.6,744.55
1197.9,484.22
-1,-1
-1,-1
1376,649.26
1645.2,666.02
-1,-1
1047,423.24
1857.9,838.44
-1,-1
1519.4,677.83
1062.1,399.93
1336.2,675.29
1033.7,432.25
-1,-1
1523,685.86
991.12,424.03
1354.3,675.8
-1,-1
1324.8,148.71
1314,515.03
1914.6,297.74
1452.5,567.31
1084,622.43
910.26,519.46
1451.5,467.46
-1,-1
1125.2,563.29
1181.6,649.35
-1,-1
1105.6,413.37
-1,-1
1032.4,580.71
2254.1,1103.5
892.59,507.57
1181.2,416.67
840.68,435.17
1050.3,518.18
-1,-1
1467.9,860.25
1050.6,451.22
1155.7,491.03
1557.7,734.72
-1,-1
-1,-1
1324.8,524.58
-1,-1
1021.5,580.6
1343.9,683.07
1425.4,627.07
1010.8,582.02
596.14,244.75
1501.3,700.23
-1,-1
-1,-1
1750.9,587.47
864.47,481.05
1130.2,453.56
-1,-1
1165.1,551.98
1874,747.7
1189.8,649.49
1418.3,534.3
1129,482.7
1393.4,537.38
1028.3,421.94
1310.2,283.57
1070.8,429.75
1059.1,463.8
1742.4,829.59
1623.9,632.5
967.34,375.6
1015.2,589.46
-1,-1
1288.5,663.36
1054.7,608.27
1681.8,815.36
1108.9,343.73
-1,-1
-1,-1
-1,-1
894.23,507.41
2022.2,1048.1
1097.1,515.49
-1,-1
1164.2,475.36
2022.2,1048.1
562.78,237.21
-1,-1
1462.2,511.89
-1,-1
1202.7,649.62
980.79,444.02
-1,-1
1316.4,672.68
1018.7,485.87
-1,-1
832.78,451.56
1311.5,675.29
1406.7,585.83
-1,-1
1122.3,557.6
1047.9,494.04
1320.4,509.45
1089.3,515.49
993.03,441.57
-1,-1
-1,-1
1017,446
-1,-1
1449.1,850.47
1137,622.98
-1,-1
-1,-1
-1,-1
1018.5,414.74
970.48,453.51
976.66,472.87
972.33,445.12
1305.5,509.54
905.64,506.2
1342.1,314.24
679.43,226.66
1410.4,489.57
1135.4,409.47
-1,-1
989.51,440.31
798.76,447.37
1594.3,758.81
1030.3,562.73
-1,-1
1335.6,529.63
1273.9,67.641
1819.8,728.03
-1,-1
1381.4,681.92
1594.3,758.81
1398.1,550.56
596.25,243.7
1015,589.84
1379.5,699.43
1414.2,370.63
-1,-1
-1,-1
-1,-1
1048.1,494.62
1706.6,688.18
1168.4,544.94
-1,-1
1168,476.41
-1,-1
1133.8,649.3
1244.4,609.44
980.19,442.2
1814.1,688.18
-1,-1
1364.9,571.55
-1,-1
1500.4,700.23
-1,-1
-1,-1
1175.3,575.86
1184.3,491.48
-1,-1
1036.3,433.36
-1,-1
1873.7,747.7
1513.9,670.81
-1,-1
1273.9,67.641
1740.2,697.13
1324.6,146.32
1124.5,647.1
1750.2,356.6
1027.1,603.58
526.47,200.34
975.5,430.88
-1,-1
-1,-1
-1,-1
1488.9,689.23
1819.8,728.03
-1,-1
-1,-1
1449.7,579.6
1372.1,675.29
1050.1,451.22
993.29,440.8
-1,-1
2022.2,1048.1
1315.2,504.96
596.25,243.7
1122.3,557.6
1425.3,589.82
960.83,373.45
1136.3,405
976.81,442.03
-1,-1
1562.2,641.32
-1,-1
1118.4,541.27
1313.3,525.66
1188.1,462.05
1014.3,588.1
1317.7,276.32
1405.9,489.57
861.65,454.54
1462.2,855.36
1047,390.07
921.11,523.25
1269.5,644.78
1435.6,553.79
1157.9,453.56
1433.8,441.16
1163.8,557.05
-1,-1
-1,-1
-1,-1
969.87,447.51
970.23,455.49
1301.9,413.4
1126.1,453.56
1144.7,553.5
1178.5,645.64
1016.5,592.59
-1,-1
1281.7,67.641
1146.8,443.53
-1,-1
1068.4,613.59
1246.6,623.06
1134.6,409.47
1048.6,336.46
1186.5,652.42
1308.3,685.87
1297.4,70.555
-1,-1
1125.8,485.85
1310.1,576.74
1047.8,604.51
1010.3,515.49
-1,-1
1713.6,557.81
1041.7,421.99
1437.3,553.79
1912,841.52
1278.1,589.93
1481.6,511.89
-1,-1
-1,-1
1356.3,672.69
-1,-1
1338.2,512.11
1319.5,509.57
845.37,451.56
-1,-1
-1,-1
1018.1,594.57
911.06,508.12
-1,-1
1740.1,335.91
1284.1,658.24
1239.1,374.43
-1,-1
1607.4,369.02
-1,-1
1037.7,433.54
1317.3,103.03
1167.8,705.93
1175.2,576.3
1273.9,647.89
-1,-1
1820,728.03
1160.6,534.64
-1,-1
-1,-1
-1,-1
-1,-1
2346.2,1134.4
1103.8,525.85
1167.6,691.59
1184.6,567.24
-1,-1
1119.1,435.04
1162.9,444.4
-1,-1
-1,-1
667.73,253.41
1006.9,509.49
1118.1,478.28
1547.6,660.32
1036.2,320.54
931.08,465.38
1355.2,552.21
1740.3,697.13
1914.6,297.74
1107.3,477.31
2406.5,1208.8
1291.4,668.58
1472.5,608.13
980.32,556.95
-1,-1
1224.7,482.26
1183.5,565.49
-1,-1
1086.5,468.9
-1,-1
1146.7,521.45
1189.6,461.79
-1,-1
1017.6,594.47
1554,675.36
1404.6,533.87
1180.6,458.24
1143.7,428.33
1274.6,647.89
-1,-1
1320.7,689.05
1226.7,490.69
980.05,442.38
-1,-1
1295.3,500.48
1131.9,586.14
1172.3,448.62
-1,-1
-1,-1
-1,-1
976.05,553.57
1050,460.27
-1,-1
1015.3,588.92
861.52,282.24
2008.4,885.07
1132.7,544.4
994.8,472.99
1050.3,518.18
1457,573.05
1071.8,470.45
2332.4,1127.5
1364.9,571.55
-1,-1
1381.1,683.55
-1,-1
1308.3,613.25
-1,-1
1794.5,789.41
1052.4,452.25
1373.7,570.45
845.67,435.17
1561.6,409.57
-1,-1
970.26,450.15
1070,421.23
1062.3,388.19
965.57,451.99
-1,-1
1380.4,517.88
-1,-1
1300,511.36
-1,-1
-1,-1
697.02,236.85
703.25,253.71
1141.4,615.08
1115.8,593.58
1413.5,360.05
1219,560.93
1526.6,693.89
935.85,393.39
1046.6,422.23
1677.7,620.35
-1,-1
1144.4,546.21
-1,-1
1146.8,443.53
1240.9,576.78
1108.9,343.73
1286.5,494.33
-1,-1
2309.8,1163.2
1006.9,509.49
1085.5,520.07
1139.4,515.69
-1,-1
1187,653.49
1464.9,560.67
-1,-1
1875.1,750.64
912.04,521.17
-1,-1
1011.6,385.92
1029.3,606.42
1148.9,557.9
1314.4,510.35
1310.9,665.85
1275.5,608.04
1072.6,431.39
1025.1,580.44
1527.5,425.59
1172.7,688.32
-1,-1
1319.5,142.37
-1,-1
1449.1,850.47
1468.2,519.76
1720.5,711.05
-1,-1
1875.8,753.58
-1,-1
-1,-1
1236,571.74
1004.3,496.86
1794.6,311.29
-1,-1
967.47,501.19
1015.1,581.6
-1,-1
1148,459.72
1166.2,476.26
977.95,443.2
1283.5,482.09
1465.1,678.24
1011.8,557.71
-1,-1
1341,413.4
1125.8,647.53
1070.1,409.37
939.81,483.81
1161.8,559.49
1541.4,606.74
1192.6,441.7
962.36,546.57
2179.7,989.6
-1,-1
-1,-1
1098.3,561.34
-1,-1
851.44,281.71
1176.4,643.34
-1,-1
903.51,504.44
-1,-1
1304.2,282.38
1159.8,474.47
933.76,465.38
1039.2,433.54
1658,638.84
-1,-1
1177.2,707.79
1186,490.26
1133.8,649.3
1816.7,720.33
-1,-1
1412.6,835.36
-1,-1
928.81,533.39
972.04,423.84
-1,-1
-1,-1
1750.6,331.69
1411.1,556.74
1103.5,470.97
-1,-1
-1,-1
1155.1,554.33
1248,683.34
1318.4,565.03
-1,-1
1149.8,501.9
1138.5,611.96
-1,-1
1348.2,711.69
1056.1,426.8
1336.6,529.72
-1,-1
-1,-1
1477.2,678.24
1134.4,617.97
-1,-1
1149,510.46
-1,-1
1018.3,616.4
1819.8,728.03
1364.9,571.55
1051.7,460.55
1370.2,673.64
1227.4,653.03
-1,-1
-1,-1
-1,-1
1291.1,614.98
1334.8,631.88
1319.5,509.69
1047,457.45
1215,28.182
1026.1,577.43
1126.1,453.56
1001,440.31
1268.4,484.22
-1,-1
-1,-1
1778.8,728.85
1291.8,684.97
1185.5,461.79
889.51,503.98
1025.5,561.74
1025.5,575.52
-1,-1
1022.9,602.55
-1,-1
1114.6,463
1742.4,829.59
1391,533.44
-1,-1
-1,-1
1795.1,790.86
-1,-1
2022.2,1048.1
1442.5,566.3
976.04,430.89
1139.3,612.04
-1,-1
1419.3,636.12
1516.2,670.81
1167.8,705.93
-1,-1
894.25,506.26
-1,-1
1856.5,746.74
995.92,431.39
1407,693.71
1172.6,655.8
1317.9,282.38
1144.7,434.8
1582.5,620.57
1055.1,460.83
1814.3,688.18
1457.7,560.67
-1,-1
1291.3,667.71
-1,-1
-1,-1
1338.4,682.52
1115,477.55
-1,-1
1170.1,655.8
1289.7,213.29
-1,-1
-1,-1
-1,-1
1328.4,504.96
1308.3,686.7
1829.3,749.57
1456.4,566.86
1040.1,600.89
1032.7,378.86
-1,-1
-1,-1
1048.5,457.73
1108.3,439.3
1809.3,688.18
1063.5,369.67
1172.9,445.95
-1,-1
1820,728.03
1405.8,406.25
1547.5,660.32
1115.2,555.04
1016,580.6
1003.7,430.87
-1,-1
-1,-1
-1,-1
666.8,253.41
1176.4,439.69
661.55,251.46
1600,639.34
-1,-1
1315.9,525.66
-1,-1
-1,-1
900.4,497.94
-1,-1
-1,-1
1594.3,758.81
1122.3,557.6
-1,-1
-1,-1
1014,580.99
1329.3,514.11
-1,-1
-1,-1
-1,-1
976.87,443.18
-1,-1
1443.1,532.59
-1,-1
-1,-1
-1,-1
1358.2,518.29
1142.2,457.16
1638.9,650.2
1441,532.59
1007.4,497.45
1033.1,582.02
1143.4,515.44
844.42,451.56
936.73,467.79
-1,-1
1532.2,700.23
1688.7,819.13
-1,-1
1021.7,485.31
946.33,495.71
1056.1,403.15
-1,-1
1416.8,635.97
986.36,457.11
1451.5,567.31
1024.1,573.86
1016.5,564.34
-1,-1
-1,-1
1168.5,481.81
676.82,226.66
1319.4,509.69
1347,403.7
-1,-1
-1,-1
1048.8,421.01
1306.7,500.48
-1,-1
1022.9,605.05
1348.6,438.94
1057,464.47
1052.3,394.18
-1,-1
988.91,441.8
1029.8,450.38
1167.4,479.03
1136,578.02
1335.5,299.14
-1,-1
-1,-1
943.76,493.15
1723.5,576.55
1414,550.56
1336.3,675.29
-1,-1
974.04,427.57
1529.7,693.89
802.87,448.87
1505.1,665.2
1126.5,477.61
1681.8,815.36
1095.4,469.27
1721.4,828.86
1700.4,828.13
806.52,450.37
-1,-1
2448.7,1239.7
1056.8,608.93
909.86,508.12
984.16,460.07
1476.8,864.54
2064.7,923.7
1297,504.96
-1,-1
1268.9,510.89
798.73,447.37
1418.3,608.3
1208.3,468.18
1454.5,627.47
-1,-1
-1,-1
1742.4,829.59
1241.8,654.37
-1,-1
1010.8,582.02
910.04,517.87
-1,-1
1095.1,620.68
1137.8,596.44
1845.2,735.08
978.86,478.11
1056.4,464.47
976.61,393.39
1315.1,502.56
1177,440.95
676.78,226.66
1010.6,439.79
996.34,555.48
1445.8,532.59
1575.5,745.78
1160.6,534.64
-1,-1
1348.3,521.44
1650,655.12
1809.3,688.18
1012.1,573.34
2022.2,1048.1
-1,-1
1096.5,432.04
1188.1,432.33
988.91,441.8
1172.3,462.3
1301.9,423.91
1152.4,468.46
1297.6,550.87
1245.2,622.23
1181,649.49
1157,451.2
1093.8,411.37
1153.1,502.94
1488.9,689.23
1016.3,563.71
1107.5,471.62
1311.5,503.28
-1,-1
1188.7,650.24
-1,-1
1545.9,457.91
1377.5,690.87
1018.5,481.02
1045.1,320.54
1312,509.54
964.41,452.93
1050.4,419.48
1160.8,445.03
1112.7,501.22
978.86,478.11
900.75,508.73
1229.4,356.58
887.82,502.47
1594.5,491.24
1314.2,674.74
1184.5,654.3
1170.5,459.11
1046.7,444.32
-1,-1
1742.4,829.59
-1,-1
902.72,509.24
-1,-1
1046.7,454.25
-1,-1
1428.1,539.83
1149.6,557.05
1022.9,602.55
-1,-1
-1,-1
842.68,261.22
1748.5,326.23
-1,-1
-1,-1
1198.1,484.22
1447.4,532.59
1189.3,460.61
1356.2,676.76
1413.5,360.05
1166,557.93
1794.7,789.41
-1,-1
1184.7,559.74
1627.7,645.27
1140.8,445.87
1157.7,634.52
1287.4,528.16
1696.8,818.3
1128.9,563.37
1041.8,633.27
-1,-1
1632.8,401.74
1514.7,667.3
1172.6,655.8
1196.2,672.85
1122,558.12
-1,-1
1168.1,456.16
703.68,253.71
-1,-1
1034.6,319.43
-1,-1
685.14,229.63
1020.6,448.71
-1,-1
1011.8,557.71
2034.6,872.11
1267.1,641.68
2359,1174.9
1064.9,409.6
1321.2,41.796
-1,-1
1171.4,655.8
968.8,458.77
-1,-1
1547.6,660.32
-1,-1
-1,-1
-1,-1
1629.8,640.63
1019.2,435.66
-1,-1
1674.9,801.07
-1,-1
1404.4,598.36
-1,-1
1025.5,575.52
1439.9,527.84
1039.6,421.08
-1,-1
1276.3,636.94
1417.4,633.33
1152.3,494.79
1005.2,437.34
-1,-1
-1,-1
-1,-1
1164.8,705.93
1437.2,555.2
1537.2,595.86
1338.4,682.52
997.92,556.14
-1,-1
562.78,237.21
992.57,505.59
1165.6,550.95
1196.4,649.56
2570.2,1291
1158.6,670.67
1167.8,705.93
1418.3,579.56
1190,476.71
1507.8,667.3
1174.6,440.08
1436.4,555.33
1059.4,464.23
703.68,253.71
1571.7,605.42
-1,-1
1302.6,137.77
2179.2,989.6
1012.7,519.63
1137,622.98
2360,1141.3
1178.3,446.82
1029.3,606.42
1174.2,434.79
1171.9,432.33
1085.5,520.07
1111,534.43
918.16,520.33
1468.7,566.3
1027.8,580.99
1134.8,515.36
-1,-1
1503.9,601.3
-1,-1
1439.8,649.4
-1,-1
-1,-1
1683.4,818.3
-1,-1
971.76,548.62
1105.3,463
1424.3,627.07
-1,-1
-1,-1
1595.2,760.78
-1,-1
1042.5,422.36
1020.5,413.99
933.02,466.72
-1,-1
1103.8,439.3
1421,626.43
-1,-1
1263.6,521.63
-1,-1
1013.2,580.44
-1,-1
-1,-1
-1,-1
2419.5,1213.8
1506,667.3
1002.4,440.31
1161.6,445.49
-1,-1
1096.3,620
-1,-1
1049.4,603.2
562.78,237.21
-1,-1
1351.8,680.9
-1,-1
1466.3,130.94
-1,-1
842.67,451.56
-1,-1
997.92,556.14
1517.6,505.07
1819.8,728.03
-1,-1
1120.4,646.71
-1,-1
-1,-1
-1,-1
1015.1,581.6
-1,-1
1819.8,728.03
1005.2,560.01
1428.4,634.59
1286,501.63
-1,-1
-1,-1
-1,-1
-1,-1
1357.8,404.98
1246.2,482.26
1023.8,580.2
992.64,440.31
1023.5,433.54
1087.9,512.49
-1,-1
1003.7,430.87
970.92,449.1
1547.5,660.32
-1,-1
1555,652.05
1135.2,651.78
697.91,238.57
1819.8,728.03
1216,488.03
1256.2,599.31
1315.2,504.96
-1,-1
1627.7,645.27
1173.8,547.83
1412.7,526.22
1376.1,649.26
1414.2,370.63
1013,580.84
1185.2,443.77
-1,-1
-1,-1
1150.9,467.65
1763.6,688.18
1118.7,482.7
-1,-1
1419.9,445.13
-1,-1
1163.8,569.37
1325.9,674.3
1191.1,652.17
1174.8,445.97
1361.9,671.99
1151.6,633.46
1722.9,692.66
1155.3,501.74
995.92,424.21
1376.1,649.26
1456.3,602
-1,-1
-1,-1
970.73,450.14
-1,-1
1670.9,818.3
-1,-1
1158.3,634.52
971.09,450.15
-1,-1
-1,-1
-1,-1
-1,-1
1678.9,573.51
1365.4,412.89
1402.5,688.64
966.48,420.87
-1,-1
-1,-1
1148.1,655.08
1103.3,588.35
-1,-1
-1,-1
1527.6,693.89
1040.3,417.7
1064.1,363.22
1141.2,421.66
1011.5,441.05
-1,-1
1179.3,451.2
992.36,601.96
1713,674.3
-1,-1
1175,708.45
1141.3,459.72
1051.1,422.23
1145.3,682.09
1166.2,493.24
676.78,226.66
1069.2,466.31
-1,-1
-1,-1
-1,-1
-1,-1
1070.2,421.7
1168,446.39
1740.9,680.34
976.61,393.39
1321.2,41.796
1124.3,485.85
1060,464.47
1274.4,647.89
634.13,238.24
1515.2,425.59
1189.8,649.49
945.12,470.81
1051.7,421.45
-1,-1
-1,-1
-1,-1
-1,-1
-1,-1
1191.6,464.06
1143.6,618.13
2580.6,1302.2
1428,456.95
1362.3,538.07
1016.3,564.02
1309.4,524
1145.7,471.79
909.8,519.66
1595.1,760.78
1822.4,723.94
1413.6,547.01
1398,550.14
-1,-1
-1,-1
1447.5,847.06
1261.4,601.61
-1,-1
1313.2,539.39
1367.7,682.52
993.2,604.47
1780.7,687.01
-1,-1
1051.1,420.52
-1,-1
2449.8,1330.7
1181.3,489.13
1092.9,411.37
1471,639.19
1011.9,580.68
1383,699.43
-1,-1
965.39,548.62
1643,399.06
-1,-1
1594.3,758.81
1306.7,500.48
-1,-1
-1,-1
1465.2,678.24
1004.2,437.67
1346.7,158.56
815.15,450.37
1194.7,435.03
1017.4,580.68
-1,-1
1066.5,428.11
1138,590.9
1427.6,627.47
-1,-1
1314.4,290.25
1875.1,750.64
1366.5,691.49
-1,-1
-1,-1
1315.1,502.56
1855.5,747.7
1182.5,567.14
1122.3,557.6
1440.2,618.24
1163.3,557.05
-1,-1
-1,-1
906.83,519.66
1136.9,632.41
1176,446.82
1421,640.55
1541,645.27
1024.8,580.44
1461.5,609.88
1610.3,638.65
1337.4,529.8
1347.6,166.16
1018.9,580.99
1272.4,475.68
1426.6,600.18
1819.8,728.03
1297,504.96
1185.7,567.24
1308.4,504.96
1408.3,533.87
1465.1,678.24
1422,626.19
1234.1,650.41
1384.7,682.74
-1,-1
-1,-1
1050.4,417.01
2275.2,1088.1
1347.8,658
1183.8,648.37
-1,-1
-1,-1
1084.3,431.64
-1,-1
562.78,237.21
-1,-1
1349.6,677.61
-1,-1
1024.3,576.32
1145.4,510.07
1147.7,473.97
834.07,448.66
991.99,440.8
-1,-1
1247.6,522.39
1364.1,673.64
1399.4,471.36
1561.6,409.57
1074.5,607.64
-1,-1
-1,-1
1131.2,647.96
-1,-1
1418.6,550.56
-1,-1
-1,-1
1728.3,578.39
-1,-1
1289.8,637.54
1032.7,378.86
1416.5,407.88
-1,-1
1447.1,453.66
1134.4,617.97
1012.2,582.02
1568.9,756.83
-1,-1
1096.9,584.52
903.91,504.44
1164.1,561.54
1490,645.28
1191,451.73
-1,-1
1160.6,534.64
562.78,237.21
1312.9,282.48
-1,-1
1119.3,479.57
856.48,281.98
-1,-1
1340.5,396.71
1455.2,850.47
1451,560.67
-1,-1
1829.3,749.57
1181.8,561.64
1134.4,480.61
1338.7,678.58
1048.4,495.19
977.34,442.38
1078.7,468.61
1336.7,529.8
1488.9,689.23
-1,-1
1041.8,387.33
1588.9,476.69
1170.5,459.11
-1,-1
1175.8,641.73
945.86,495.71
1402.2,478.39
1007.9,386.56
1181.3,652.67
1151.1,505.89
1409.1,555.35
1043.8,418.36
-1,-1
2070.8,951.83
1337.3,280.56
967.84,454.5
-1,-1
1056.8,608.93
976.87,445.63
-1,-1
1529.1,693.89
-1,-1
-1,-1
2373.3,1189.3
1416.4,635.97
-1,-1
1506.7,505.07
1001.3,496.28
1455.7,604.12
957.72,548.62
1684.3,686.47
1439.9,630.88
1042.2,416.56
-1,-1
1497.1,641.94
1790.4,783.04
-1,-1
1045.9,417.01
-1,-1
1337.6,678.09
2573.5,1294.2
-1,-1
1050.1,426.16
1062.3,401.15
1836.8,745.41
1136.9,632.41
1023.8,580.2
1190.6,451.73
1410.3,372.41
-1,-1
851.44,281.71
1468.4,566.86
2027.6,891.32
1376.6,682.23
-1,-1
1296.6,576.74
2022.2,1048.1
1129.9,377.61
-1,-1
-1,-1
1133.3,612.97
1136.3,405
1894.4,302.59
1792.6,710.29
1431.5,839.82
-1,-1
1036,432.72
-1,-1
-1,-1
965.48,458.77
1142.7,429
-1,-1
1018.1,594.57
945.14,493.12
1141.6,505.11
1451.8,573.44
935.59,393.49
-1,-1
-1,-1
1333.6,666.9
-1,-1
1167.8,705.93
934.15,465.38
-1,-1
1120.3,646.71
1773.4,708.53
-1,-1
1101.4,482.7
-1,-1
-1,-1
-1,-1
965.3,377.55
-1,-1
-1,-1
1153.3,497.1
1156.1,503.99
-1,-1
1011.8,441.64
-1,-1
1029.9,560.13
1122.6,390.4
911.5,520.28
-1,-1
-1,-1
1025,573.86
1182.9,600.96
-1,-1
-1,-1
1742.4,829.59
1072.8,431.24
1085.8,656.84
1386.1,699.43
1179.2,649.62
934.82,466.72
-1,-1
1406.9,586.09
1301.6,687.01
-1,-1
-1,-1
1601.7,489.01
1095.8,515.49
1716.7,568.29
1773.3,596.55
1174.8,576.3
-1,-1
1022.6,416.89
679.43,226.66
-1,-1
1218,560.93
1186.6,652.67
1229.6,687.15
-1,-1
1341.6,147.52
-1,-1
1169.6,455.91
1075.8,431.94
1028.4,422.16
-1,-1
1515,606.74
1143.7,428.33
-1,-1
1827.5,745.41
-1,-1
1045.7,426.15
-1,-1
1141.1,596.44
1024.1,573.86
1188,461.79
1210.5,477.23
1014.8,589.02
-1,-1
1150.9,667.6
1094.1,520.87
1181,446.2
887.52,505.1
-1,-1
1322.9,295.29
963.2,454.1
1482.7,482.11
1134.6,409.47
-1,-1
-1,-1
1027.1,419.03
1170.1,655.8
1108.3,343.36
1024.6,491.02
-1,-1
970.11,452.41
-1,-1
1610.5,507.68
1057.9,592.76
1341.7,504.96
-1,-1
1027,442.63
796.07,257.11
-1,-1
1667.9,812.43
935.43,466.72
1115.2,555.04
1333.5,438.79
972.35,454.68
2275.2,1088.1
-1,-1
-1,-1
1131.7,338.34
1124.5,488.02
1177.2,707.79
1667.8,815.36
1376.2,649.26
1316.5,672.68
1166.7,688.28
1389.9,586.09
-1,-1
964.93,450.21
1554,675.36
-1,-1
1180.1,650.9
1342.2,678.58
-1,-1
1181,652.67
1454.6,566.86
1519.9,425.59
1160.6,491.03
1341.3,683.07
-1,-1
1207.7,555.48
1433.3,526.22
1575.5,745.78
1314.1,509.69
1191.5,429.6
-1,-1
1164.3,557.05
-1,-1
-1,-1
1053.6,394.18
836.27,435.17
1502.1,700.23
1154.8,531.76
-1,-1
651.26,238.24
-1,-1
1664.7,812.43
1012.4,581.51
1186.3,432.33
1050.9,500.46
1820,728.03
-1,-1
1362.2,564.28
1334.8,631.88
1481.6,511.89
1315.8,283.57
794.19,422.14
1054.7,460.83
1391.3,575
1258,381.4
-1,-1
1067.2,416.07
1068.4,613.59
987.58,440.81
1856.5,746.74
-1,-1
-1,-1
1078.3,426.36
-1,-1
1143.7,428.33
1514.7,667.3
1186,440.47
1183.5,460.49
-1,-1
1430.5,602
1392.9,550.56
-1,-1
1376.6,649.26
982.38,456.33
1071.3,416.2
-1,-1
-1,-1
1153.6,503.99
-1,-1
-1,-1
-1,-1
1464.6,602
1322.7,565.03
1045.1,320.54
-1,-1
1814.1,688.18
1662.3,686.76
1143.7,428.33
2045,891.32
1376.6,699.43
1060.6,318.31
808.95,454.95
1420.6,428.65
-1,-1
1088.5,431.98
1094,471.31
1050.4,363.66
969.72,444.91
1141.5,423.76
-1,-1
1324.2,511.22
1209,649.49
773.94,276.28
-1,-1
1049.9,423.24
992.04,606.89
1409.9,370.63
1327.4,689.05
1352.3,187.67
1575.5,745.78
-1,-1
-1,-1
-1,-1
1090.6,336.46
1325.3,693.53
1139.8,598.03
-1,-1
993.98,606.89
1742.4,829.59
1275.2,587.76
1223.6,480.29
904.77,505.87
-1,-1
1333.2,544.09
-1,-1
1185.7,567.24
1192.2,427.99
1011.7,580.2
-1,-1
1161.8,445.49
1314,295.29
1096.7,435.32
1339.4,678.58
1084,622.43
1182.3,652.42
1268.9,510.89
-1,-1
-1,-1
-1,-1
1428.3,627.47
1442.6,585.91
1337.5,515.02
1131.3,463
980.66,444.02
-1,-1
-1,-1
-1,-1
1046.4,442.63
1184.3,491.48
1170.6,432.33
-1,-1
1163.3,557.05
1147.6,472.88
1135.7,607.64
945.08,498.28
-1,-1
1184.6,649.84
1873.5,747.7
-1,-1
982.89,554.82
1734.1,365.64
1364.9,571.55
1142.1,505.5
858.68,281.98
562.78,237.21
1742.4,829.59
2022.2,1048.1
968.9,446.6
1037.7,433.54
999.2,494.99
1362.3,538.07
-1,-1
-1,-1
2202.4,1013.3
1722.7,685.85
-1,-1
1872.5,849.22
1433.8,441.16
-1,-1
1024.9,573.64
-1,-1
-1,-1
1271.7,635.93
1377.7,698.81
987.38,457.37
2449.8,1330.7
1513.5,670.81
1029.9,560.13
1460.9,636.2
1170.1,655.8
1087.5,431.94
-1,-1
1011.3,560.71
-1,-1
2572.6,1292.6
1442.4,566.3
1914.6,297.74
959.59,543.14
1313.4,502.56
1316.9,507.36
-1,-1
1136.4,444.32
1035.7,614.87
1401.6,586.09
1068.6,420.77
1028.3,586.56
914.05,511.67
-1,-1
-1,-1
1183.5,462.17
1173.8,547.83
1395.8,446.97
2022.2,1048.1
1231.9,381.36
-1,-1
1161.6,490.22
1488.9,689.23
1059.8,463.61
-1,-1
1122,558.12
1873.3,747.7
1323,607.88
-1,-1
2179.7,989.6
1368.3,671.99
1046,442.14
973.23,450.08
666.8,253.41
930.65,465.11
1175.9,440.48
1170.9,691.29
-1,-1
-1,-1
1286.4,522.82
1141.5,423.76
961.68,452.32
892.79,505.1
1167.6,691.59
-1,-1
-1,-1
981.37,493.64
1110.4,534.43
1290.4,684.66
1176.3,566.74
1067.7,426.36
975.74,430.86
-1,-1
-1,-1
860.86,454.46
1010.9,587.3
-1,-1
-1,-1
1443,532.59
1276.2,637.54
677.16,226.66
1399.2,580.67
-1,-1
-1,-1
-1,-1
1109.7,443.78
-1,-1
995.21,424.22
1470,860.61
-1,-1
1537.5,429.33
-1,-1
1379.7,698.81
1161.6,634.52
-1,-1
1091.8,515.49
-1,-1
1506,667.3
-1,-1
1260,496.47
-1,-1
1600.5,506.94
1658,638.84
1236.5,654.55
1372.9,532.15
981.87,445.31
1173.4,445.49
-1,-1
-1,-1
-1,-1
1151.7,504.94
-1,-1
1024.7,417.46
-1,-1
1111.5,447.66
-1,-1
1335.8,644.25
-1,-1
-1,-1
-1,-1
1368.9,428.65
955.49,397.93
-1,-1
1045.6,417.01
1024.8,580.44
1827,732.07
1146.7,650.05
977.95,443.2
2608.3,1292.6
1724.8,723.93
1027,595.79
-1,-1
-1,-1
980.84,443.75
1263.6,521.63
-1,-1
1342.2,678.58
970.78,450.14
1062.2,466.08
-1,-1
-1,-1
1384.8,542.97
-1,-1
1427,626.66
1025,573.75
965.21,450.8
1067.2,416.13
-1,-1
1279.6,34.989
-1,-1
1338.9,534.6
939.13,481.8
1315.5,506.45
1191.5,429.6
1313.1,87.959
1349,662.16
1313,118.72
1143.7,618.49
-1,-1
1306.9,282.57
-1,-1
-1,-1
-1,-1
1156.1,534.64
1001.7,559.02
1714,557.11
1177.6,576.74
1168.5,481.81
-1,-1
-1,-1
1176.8,707.79
1035.7,491.01
1032.7,378.86
1181.8,424.52
-1,-1
1315.7,510.35
-1,-1
-1,-1
1153.7,644.65
1335.7,529.72
1376.2,649.26
1177,446.64
947.77,492.29
-1,-1
1342.7,303
-1,-1
1419.1,489.57
1304.7,645.62
1694.6,823.63
1304.6,502.38
1037.8,433.36
-1,-1
1768.5,700.26
999.98,557.49
-1,-1
1819.8,728.03
-1,-1
-1,-1
1024.9,573.64
1170.4,459.21
-1,-1
971.21,445.12
-1,-1
1170.9,491.03
1012.4,448.3
1186.6,567.24
1038.4,433.18
1568.9,756.83
1314.2,502.56
1336.3,515.38
980.74,561.74
1128.2,585.33
1562.4,641.32
1092.7,469.19
1050.9,420.57
1001.4,559.02
-1,-1
-1,-1
-1,-1
1817.5,708.1
1221,622.23
1714.3,553.74
1173.8,547.83
1184.8,431.87
-1,-1
1876.3,753.58
-1,-1
1301.9,503.28
1445.2,567.31
1557.7,734.72
969.96,455.49
1314.2,502.56
-1,-1
-1,-1
1064.9,607.58
1155.3,501.74
1315,519.04
1070.1,409.37
823.07,447.92
1910.4,838.01
1303.8,118.09
1295.9,64.027
1852.4,735.82
1395.7,688.37
-1,-1
1453.5,677.83
992.57,505.59
1154.3,503.99
-1,-1
1153,450.54
-1,-1
1532.4,700.23
-1,-1
1467.3,566.86
832.26,448.66
1139.7,445.26
-1,-1
1072.6,431.39
1747.6,357.27
-1,-1
999.72,507.54
969.73,444.13
1086.5,509.49
1629.8,640.63
1134.6,409.47
1041.8,421.99
-1,-1
1600.5,506.94
1312.9,116.82
-1,-1
1795.3,790.86
1320,509.69
1820,728.03
-1,-1
987.14,373.33
1236.1,593.07
1069.9,427.34
-1,-1
-1,-1
1431.5,839.82
1018.9,580.99
2022.2,1048.1
-1,-1
-1,-1
626.3,237.15
1143.2,464.47
-1,-1
-1,-1
-1,-1
-1,-1
1350.1,542.58
-1,-1
1265.6,641.68
1013,580.84
-1,-1
1053.8,421.08
-1,-1
1373.1,442.85
1309.9,622.08
1185.7,567.24
1130.8,493.12
1097.4,474.12
-1,-1
1342.5,504.96
-1,-1
1357.8,638.32
1390.4,571.11
-1,-1
679.43,226.66
1018,603.78
1401.7,586.09
1146.4,649.56
1087.8,463.22
1416.5,407.88
-1,-1
1175.7,707.79
1175.6,439.69
1069.7,338.34
-1,-1
1072.3,421.7
-1,-1
1190.1,649.49
-1,-1
1447.9,847.06
968.66,444.13
1054,367.71
-1,-1
1670.5,370.69
-1,-1
-1,-1
1175.5,434.25
802.51,448.87
1292.1,502.56
-1,-1
-1,-1
1216.5,556.66
1272.5,637.54
-1,-1
1172.9,639.48
1557.7,734.72
-1,-1
1688.7,819.13
-1,-1
1018.2,573.64
1553.9,675.36
-1,-1
-1,-1
1067.8,328.5
-1,-1
1131.7,454.19
1289.9,214.8
-1,-1
942.61,487.45
1018.1,479.1
987.39,442.03
1007.4,497.45
1070.3,343.21
1020.6,448.71
2022.2,1048.1
1138.4,654.26
-1,-1
-1,-1
1215.9,475.68
1658,638.84
1108.3,343.36
1125.9,647.53
865.13,454.61
-1,-1
-1,-1
1040.7,416.56
-1,-1
2069.3,926.97
1234.8,364.05
-1,-1
1359.2,416.27
1186,440.46
-1,-1
1311.4,425.61
-1,-1
-1,-1
993.6,441.57
-1,-1
1108.4,439.9
-1,-1
1026.6,419.03
1011.2,434.47
1734.1,619.66
999.77,429.51
1018.5,594.47
948.04,498.4
-1,-1
1122.3,557.6
1025,573.75
1185.3,446.82
1049.9,462.4
1595.3,760.78
1020.3,581.51
1129.3,506.99
1267.6,484.22
-1,-1
2591.7,1291
1791.3,789.41
1173.8,547.83
-1,-1
1398.3,649.26
1149.7,557.05
-1,-1
905.13,504.44
596.25,243.7
1347.7,517.88
946.56,493.15
1367.6,532.15
1288,646.14
1048.3,583.18
-1,-1
-1,-1
993.18,604.47
832.85,452.41
992.93,440.04
-1,-1
-1,-1
1023.8,580.2
1143.5,460.44
905.27,503.35
-1,-1
-1,-1
1821.1,728.03
-1,-1
-1,-1
1050.4,363.66
1424.6,626.43
1030.8,571.23
911.7,508.32
1227.5,623.88
997.73,570.8
1048.5,419.35
2283.7,1160.8
-1,-1
1194.7,572.51
-1,-1
-1,-1
1744.9,533.11
1395.1,344.09
1575.5,745.78
1169.6,691.83
1107.1,477.31
1146.6,443.53
-1,-1
1107.3,552.33
1329.4,675.29
1319.4,509.69
1332.8,683.07
-1,-1
-1,-1
-1,-1
-1,-1
638.91,238.13
-1,-1
1650.6,735.29
1049.6,451.22
-1,-1
1126.6,482.7
1855.6,833.16
-1,-1
1169.3,708.45
1022.2,414.74
1155.5,496.99
-1,-1
980.79,444.02
1093.8,411.37
-1,-1
1300.3,410.43
981.12,381.44
1165.2,468.6
977.82,442.38
1171.9,489.13
-1,-1
1038.5,433.36
2376.3,1189.3
1316.9,507.36
-1,-1
-1,-1
-1,-1
-1,-1
1507.6,661.76
-1,-1
1078.2,343.21
1005.6,560.01
989.36,409.87
1016.4,563.47
1030.2,389.8
1178.6,451.2
904.54,505.54
1134.8,515.36
902.73,502.35
1072.2,418.48
-1,-1
1016.8,564.86
903.88,510.71
1147.4,676.65
1165.8,475.8
1331.3,432.09
2359,1174.9
967.89,453.36
1405.2,693.71
1181.3,487.6
1508.4,590.78
1267,641.68
-1,-1
1051.9,605.4
1228.7,623.06
1398.3,649.26
-1,-1
2004.2,875.72
1327,565.03
1639.9,402.62
992.04,606.89
1311.8,513.14
-1,-1
1847.6,747.7
-1,-1
1178.2,446.64
2179.2,989.6
1481.6,511.89
1263.3,633.47
-1,-1
-1,-1
1030.4,422.36
1424.4,626.83
-1,-1
-1,-1
596.25,243.7
1483,657.91
-1,-1
911.5,520.28
1056.6,591.15
1470,860.61
1321.2,295.29
2275.2,1088.1
-1,-1
1319,677.6
-1,-1
1203,484.92
1138.9,493.43
1687.5,620.35
-1,-1
970.81,444.13
-1,-1
1261.5,601.61
854.81,454.46
-1,-1
1185.6,461.92
1181,652.67
1712.9,553.74
-1,-1
1814.3,688.18
1017.2,446.53
1310.8,504.18
-1,-1
-1,-1
-1,-1
-1,-1
1013.8,437.34
1093.3,517.09
969.12,445.12
1419.6,636.6
921.7,530.45
1607.4,369.02
1829.8,728.03
1447.1,453.66
972.35,454.68
676.78,226.66
1407.6,694.66
-1,-1
-1,-1
980.84,444.57
995.12,429.51
-1,-1
1013.8,587.3
-1,-1
-1,-1
1013.3,557.71
1427,628.21
1144.5,472.88
1144.1,521.15
1007.9,582.02
1173,448.62
1820,728.03
1204.9,467.45
1356.8,442.59
987.39,442.03
1020.1,489.07
-1,-1
1319.5,511.22
1488.8,689.23
1080.1,409.37
1831.3,754.21
1164,456.16
1020.6,580.2
1309,524
1167.5,450.6
972.56,379.79
1134.8,649.46
1153.1,502.94
-1,-1
635.27,239.52
1635.1,512.84
1115.1,474.11
733.44,253.72
1511.7,670.81
-1,-1
2275.2,1088.1
-1,-1
793.9,422.14
-1,-1
-1,-1
1718.4,371.23
1391,533.44
1431.5,839.82
987.19,441.57
-1,-1
-1,-1
1700,525.93
1568.9,756.83
1067.3,426.16
-1,-1
1031.2,492.81
1008.6,512.49
-1,-1
-1,-1
-1,-1
1066.6,427.94
-1,-1
1030.9,392.63
-1,-1
-1,-1
676.97,226.66
-1,-1
1142.9,471.12
-1,-1
1349.7,518.7
2046.2,951.83
1444.4,598.38
-1,-1
-1,-1
1109.2,480.79
1131.5,453.56
1094.9,620.68
1316.9,507.36
-1,-1
1475.3,590.78
-1,-1
1309.4,524
1022.9,573.75
982.69,375.6
1426.4,526.22
-1,-1
1418.4,622.66
596.25,243.7
562.78,237.21
1427.9,627.07
971.02,451.39
993.26,440.8
1169.8,649.62
-1,-1
1143,459.28
1354.5,669.14
1645,601.85
1477.2,678.24
1066.6,427.94
1616.5,508.42
1417.2,544.04
1779.6,710.54
-1,-1
1319.4,509.57
1681.8,810.1
1151.1,505.89
-1,-1
-1,-1
1173.8,547.83
-1,-1
904.85,503.05
1500.4,700.23
1125.8,485.85
1337.5,407.46
1177,446.39
971.42,545.39
1009,447.03
-1,-1
-1,-1
1814.3,688.18
1360.9,683.49
1009.8,561
1607.4,369.02
1873.4,747.7
1407,693.71
1049.6,580.39
1163,501.74
-1,-1
-1,-1
976.68,395.66
-1,-1
1172.2,445.95
1158.3,465.78
1174.6,547.83
971.13,450.21
661.55,251.46
1269.2,654.73
1603,476.69
1347.6,166.16
970.49,450.21
1329.9,698.01
794.9,422.14
1461.7,609.88
-1,-1
1502.5,421.56
-1,-1
1474.4,647.33
1186.4,493.24
987.19,441.57
1205.8,649.49
-1,-1
1728.2,578.39
1294.7,385.46
1362.5,683.49
900.11,496.9
1343.7,515.02
1470.9,639.19
-1,-1
1224.4,488.03
-1,-1
1192.2,463.31
-1,-1
952.65,472.67
1141.8,429.67
1630.9,632.75
908.64,519.97
-1,-1
1397.8,412.58
-1,-1
1224,490.45
1119.1,435.04
1257.4,654.37
1462.9,615.52
2094.5,951.83
1272.7,67.641
1024.5,573.75
1742.4,829.59
1172.3,448.62
2022.2,1048.1
1443,532.59
933.05,465.38
990.96,457.52
-1,-1
1341,413.4
1136.1,608.35
-1,-1
1142.8,505.11
1278.6,67.641
-1,-1
1836.8,745.41
1009.8,561
-1,-1
-1,-1
1393.4,550.56
-1,-1
1130.2,515.03
-1,-1
1541.4,606.74
-1,-1
1828.6,748.32
1363.6,681.77
-1,-1
946.99,498.34
1032.7,580.71
-1,-1
-1,-1
1063.5,369.67
1169.1,688.3
1040.3,572.49
1305.9,76.703
1627.8,645.27
-1,-1
1202.2,576.83
-1,-1
1346,512.84
1324.6,512.84
-1,-1
1393,550.56
-1,-1
1408.2,694.66
1549.7,464.98
971.88,444.13
-1,-1
-1,-1
1187.5,460.49
-1,-1
1512.8,663.1
970.86,446.6
969.09,450.21
-1,-1
980.28,443.2
1057.6,328.5
2434,1226.7
1643,399.06
1356,669.48
1129.9,377.61
1113.1,637.25
1627.4,638.64
2022.2,1048.1
1895.6,864.12
-1,-1
-1,-1
-1,-1
-1,-1
1261.6,633.47
1158.2,499.42
-1,-1
-1,-1
1788.8,688.18
1255.3,484.22
-1,-1
1331.5,389.53
1457.9,573.05
-1,-1
-1,-1
1173.8,547.83
-1,-1
1111.3,434.53
1149.7,557.05
1007.6,433.77
1321.3,692.31
1276.2,636.94
1667.3,634.48
1304.2,411.91
-1,-1
1455.3,588.92
1527.7,137.73
1030.5,581.51
1163.5,691.59
914.95,518.46
1161.4,649.62
1320,509.45
1740.4,359.38
1327.4,677.6
-1,-1
-1,-1
1135.6,586.96
1098.9,469.27
-1,-1
976.87,442.03
-1,-1
2069.3,926.97
972.35,424.28
942.68,469.31
1016.6,563.71
1122.7,482.7
1715.1,560.48
1013.2,602.5
-1,-1
-1,-1
1092.4,468.76
-1,-1
1799,724.18
-1,-1
-1,-1
1365.3,453.66
-1,-1
1181.5,649.62
-1,-1
1163.3,557.05
1258,381.4
892.59,507.57
1402.6,483.53
1177.9,709.66
-1,-1
909.8,519.66
1347,403.7
1142.4,599.99
1012.8,588.1
-1,-1
-1,-1
903.57,509.49
1485.2,636.43
851.44,281.71
1300.9,687.01
1770.7,776.68
1056.7,642.57
1420.3,635.63
-1,-1
-1,-1
1346.9,677.61
912.04,521.17
-1,-1
1155.3,501.74
-1,-1
1018.3,567.7
-1,-1
-1,-1
-1,-1
1439.8,649.4
1770.7,776.68
1421.4,626.19
-1,-1
992.46,440.8
-1,-1
1380.5,518.71
1393.5,539.18
1013.5,437.34
1349.8,438.94
1054.4,421.99
-1,-1
-1,-1
2034.6,872.11
1129.5,477.61
1376.1,649.26
1044.5,431.99
2275.2,1088.1
1209.2,556.66
-1,-1
-1,-1
1425.3,589.82
1319,677.6
957.42,474.67
1177.9,709.66
1038.7,433.54
-1,-1
1192.5,443.82
-1,-1
1304,500.72
1027,563.71
-1,-1
1529.5,693.89
1124.3,485.85
1379.4,698.18
1256.4,586.7
1078.7,468.61
-1,-1
1033,563.71
-1,-1
-1,-1
1220.5,476.71
1386.1,699.43
1519.6,425.59
-1,-1
1036.9,581.93
-1,-1
-1,-1
2341.4,1169.1
1327.5,524.97
802.73,448.87
1049.6,497.82
-1,-1
1106.2,477.31
-1,-1
-1,-1
-1,-1
-1,-1
1160.5,672.31
-1,-1
1425.5,523.1
1458,602
1361.5,680.9
-1,-1
-1,-1
1054,454.54
1048.4,495.19
907.6,508.12
-1,-1
1042.1,492.81
-1,-1
1381.3,443.14
967.06,450.8
-1,-1
1486.4,567.78
-1,-1
-1,-1
-1,-1
-1,-1
-1,-1
-1,-1
1347,403.7
1329.1,567.56
1099,438.7
1617.2,507.68
1172.6,705.93
883.29,448.19
733.44,253.72
1007.5,557.61
2283.7,1160.8
1327.5,524.97
1030.2,571.23
-1,-1
1280.2,67.641
-1,-1
1107.4,526.79
1299.8,504.96
1453.2,678.24
-1,-1
1004.6,437.67
-1,-1
1084.7,431.64
1364.9,571.55
935.43,466.72
961.9,452.18
-1,-1
1406.2,548.57
1038.6,414.18
984.46,460.07
-1,-1
1073.4,607.13
946.53,493.1
-1,-1
-1,-1
1172.9,340.23
-1,-1
1009.2,610.35
1198.8,465.78
-1,-1
1581.8,469.6
1176.4,707.79
1594.3,758.81
-1,-1
912.04,521.17
1288.8,227.57
1414.9,368.91
2179.7,989.6
1015.3,589.02
-1,-1
-1,-1
1003.2,557.51
1176,649.49
1178.6,451.2
1134.6,409.47
-1,-1
1513.9,670.81
1027.3,600.42
1605.1,512.88
-1,-1
-1,-1
2047.9,953.26
1185.7,567.24
1053.4,606.86
999.24,440.31
1598.2,760.07
948.56,324.17
1070.1,409.37
-1,-1
1104.7,453.56
-1,-1
1009.3,560.71
1005.2,447.03
1090.7,438.18
1515.4,669.05
1419.3,635.97
1819.8,728.03
1630.4,398.18
1396.5,525.68
941.36,488.02
-1,-1
-1,-1
1182.5,567.14
1598.5,405.67
1910.4,838.01
1423.5,636.43
-1,-1
1181.8,424.52
-1,-1
2581.8,1307.6
1653.6,634.48
-1,-1
1416.5,407.88
1125.2,563.29
1184.1,446.82
1015.9,576.39
1350.5,524.58
1144.5,472.88
1380.2,329.05
1172.5,649.49
-1,-1
-1,-1
1275.5,624.32
1023.7,437.34
1357.8,638.32
992.57,505.59
-1,-1
1209.2,556.66
1464.1,618.24
1173.4,464.24
1010.4,447.98
-1,-1
-1,-1
1519.4,677.83
-1,-1
1343.7,324.28
-1,-1
1092.7,469.19
-1,-1
-1,-1
-1,-1
-1,-1
-1,-1
1187.5,460.49
807.03,261.22
940.76,484.47
1054.6,453.91
973.28,459.93
-1,-1
1291.8,499.97
1644.5,666.02
1519.1,619.85
-1,-1
1024.9,595.8
984.94,456.84
1310,87.374
1156.1,534.64
1236.2,654.37
1146.6,443.53
-1,-1
-1,-1
1311.2,509.54
1814.3,688.18
-1,-1
1423.9,640.55
1048.4,495.19
840.68,435.17
1061.6,425.9
1364.9,571.55
1554.2,638.65
-1,-1
-1,-1
1627.7,645.27
-1,-1
1047.1,426.75
-1,-1
1406.6,550.93
1319.4,509.69
2221.3,1048.6
1128.4,490.19
-1,-1
-1,-1
1207.7,555.48
1162,557.05
1126.5,481.48
1319.9,507.36
1304.4,138.52
1048.7,457.45
1071.1,424.17
-1,-1
2022.2,1048.1
2098.8,939.94
1288.5,663.36
1606.9,403.51
1319.7,252.88
